{"cameraMode":{"drawMode":0,"name":"Shaded","section":"Shading Mode"},"sceneLighting":true,"audioPlay":false,"sceneViewState":{"m_AlwaysRefresh":false,"showFog":true,"showSkybox":true,"showFlares":true,"showImageEffects":true,"showParticleSystems":true,"showVisualEffectGraphs":true,"m_FxEnabled":true},"in2DMode":false,"pivot":{"x":0.31548693776130679,"y":-1.1648609638214112,"z":11.456445693969727},"rotation":{"x":0.6204454302787781,"y":0.0035288427025079729,"z":-0.0027856070082634689,"w":0.7842519283294678},"size":14.557933807373047,"orthographic":false}